league,n_test,pct_home,pct_draw,pct_away,market_logloss,model_logloss,diff_logloss,market_brier,model_brier,diff_brier,market_accuracy,model_accuracy,diff_accuracy
championship,249,43.77510040160642,22.48995983935743,33.734939759036145,1.026839512938825,1.0475838923018226,0.020744379362997556,0.20436435967249322,0.2094579518387959,0.005093592166302674,0.4939759036144578,0.4939759036144578,0.0
ligue1,160,36.875,22.5,40.625,1.0204253223909412,1.0296591549283267,0.009233832537385522,0.20446796885710158,0.20642123895755846,0.001953270100456872,0.5125,0.4875,-0.024999999999999967
laliga,171,43.27485380116959,26.900584795321635,29.82456140350877,0.9613782465843411,0.967749208921441,0.006370962337099884,0.1907984735277688,0.19188182241581067,0.001083348888041874,0.5497076023391813,0.5321637426900585,-0.01754385964912275
epl,171,45.02923976608187,23.391812865497073,31.57894736842105,0.8761522327149652,0.9057864041992844,0.029634171484319127,0.16997094220562603,0.17594046240580832,0.005969520200182293,0.6198830409356725,0.6081871345029239,-0.011695906432748537
bundesliga,138,41.30434782608695,27.536231884057973,31.15942028985507,0.9440247491033354,0.9706699321111149,0.026645183007779405,0.1864946914853397,0.19322676336728073,0.006732071881941026,0.5652173913043478,0.5579710144927537,-0.007246376811594124
seriea,171,36.25730994152047,33.33333333333333,30.409356725146196,1.014174607327364,1.0299380341878173,0.015763426860453178,0.204131446351099,0.20728233123416626,0.003150884883067251,0.49122807017543857,0.4619883040935672,-0.029239766081871343
