{
  "ece_raw": 0.10100891870529147,
  "ece_cal": 0.07139771793584469,
  "improvement_pct": 29.31543189353591,
  "status": "PASS"
}