{
  "log_loss": 1.5054713722596678,
  "brier_home": 0.20853119554034683,
  "brier_draw": 0.17456308539536686,
  "brier_away": 0.16964382080587365,
  "ece": 0.06953032342524282
}