{
  "n_bets": 1040,
  "total_pnl": 18971902531.978775,
  "roi": 2.945505318263555,
  "final_bankroll": 18971903531.978786
}