{
  "n_bets": 1054,
  "total_pnl": 23799586183.083057,
  "roi": 3.5375177811746648,
  "final_bankroll": 23799587183.083065
}