{
  "model": "DenseNN",
  "version": "v1",
  "train_date": "20260201_203901",
  "architecture": {
    "input_dim": 18,
    "hidden_dims": [
      64,
      32,
      16
    ],
    "dropout": 0.3
  },
  "training": {
    "epochs_total": 28,
    "final_train_loss": 1.0147119514403804,
    "final_val_loss": 0.9874068200588226,
    "best_val_acc": 0.5306893295561851
  },
  "metrics": {
    "test": {
      "accuracy": 0.5051935788479698,
      "brier_score": 0.20258226288086387,
      "log_loss": 1.044448627605599
    }
  }
}