{
  "timestamp": "2026-02-05T21:30:19.646769",
  "test_size": 1412,
  "accuracy": 0.47875354107648727,
  "calibration": {
    "Home": {
      "predicted": 0.45414745807647705,
      "actual": 0.42492917847025496
    },
    "Draw": {
      "predicted": 0.2652204930782318,
      "actual": 0.25708215297450426
    },
    "Away": {
      "predicted": 0.28063204884529114,
      "actual": 0.31798866855524077
    }
  },
  "roi_by_threshold": {
    "0.0": {
      "roi": -6.700424929178609,
      "profit": -94.61000000000195,
      "bets": 1412,
      "wins": 490,
      "losses": 922,
      "win_rate": 34.702549575070826
    },
    "0.4": {
      "roi": -6.063628546861661,
      "profit": -70.52000000000112,
      "bets": 1163,
      "wins": 424,
      "losses": 739,
      "win_rate": 36.45743766122098
    },
    "0.5": {
      "roi": -2.8556701030927147,
      "profit": -19.38999999999953,
      "bets": 679,
      "wins": 291,
      "losses": 388,
      "win_rate": 42.857142857142854
    },
    "0.55": {
      "roi": -8.703435804701606,
      "profit": -48.12999999999988,
      "bets": 553,
      "wins": 246,
      "losses": 307,
      "win_rate": 44.48462929475588
    },
    "0.6": {
      "roi": -6.554430379746817,
      "profit": -25.88999999999993,
      "bets": 395,
      "wins": 198,
      "losses": 197,
      "win_rate": 50.12658227848101
    }
  },
  "per_league": {
    "epl": {
      "matches": 242,
      "accuracy": 0.5330578512396694,
      "roi": -10.466942148760289,
      "bets": 242
    },
    "championship": {
      "matches": 325,
      "accuracy": 0.4307692307692308,
      "roi": -3.6092307692307397,
      "bets": 325
    },
    "seriea": {
      "matches": 241,
      "accuracy": 0.47717842323651455,
      "roi": -11.522821576763489,
      "bets": 241
    },
    "laliga": {
      "matches": 232,
      "accuracy": 0.5129310344827587,
      "roi": -4.172413793103415,
      "bets": 232
    },
    "ligue1": {
      "matches": 182,
      "accuracy": 0.45604395604395603,
      "roi": -18.824175824175835,
      "bets": 182
    },
    "bundesliga": {
      "matches": 190,
      "accuracy": 0.47368421052631576,
      "roi": 7.452631578947351,
      "bets": 190
    }
  },
  "by_odds_range": {
    "Heavy Favorite (1.0-1.5)": {
      "matches": 215,
      "accuracy": 0.7255813953488373,
      "roi": -5.776744186046479,
      "bets": 215
    },
    "Favorite (1.5-2.0)": {
      "matches": 326,
      "accuracy": 0.49079754601226994,
      "roi": -1.622699386503039,
      "bets": 326
    },
    "Slight Favorite (2.0-2.5)": {
      "matches": 322,
      "accuracy": 0.3944099378881988,
      "roi": 5.484472049689449,
      "bets": 322
    },
    "Even (2.5-3.5)": {
      "matches": 275,
      "accuracy": 0.36,
      "roi": -12.981818181818166,
      "bets": 275
    },
    "Underdog (3.5+)": {
      "matches": 274,
      "accuracy": 0.48905109489051096,
      "roi": -21.4817518248175,
      "bets": 274
    }
  },
  "cv_results": [
    {
      "fold": 1,
      "accuracy": 0.46683673469387754,
      "roi": -4.7302127659574404,
      "bets": 1175,
      "test_size": 1176
    },
    {
      "fold": 2,
      "accuracy": 0.4914965986394558,
      "roi": -8.66751700680265,
      "bets": 1176,
      "test_size": 1176
    },
    {
      "fold": 3,
      "accuracy": 0.5025510204081632,
      "roi": -6.161564625850286,
      "bets": 1176,
      "test_size": 1176
    },
    {
      "fold": 4,
      "accuracy": 0.5204081632653061,
      "roi": -13.998299319727883,
      "bets": 1176,
      "test_size": 1176
    },
    {
      "fold": 5,
      "accuracy": 0.5076530612244898,
      "roi": -9.380952380952357,
      "bets": 1176,
      "test_size": 1176
    }
  ],
  "cv_summary": {
    "avg_accuracy": 0.4977891156462585,
    "std_accuracy": 0.018051261071884827,
    "avg_roi": -8.587709219858123,
    "std_roi": 3.1836000284953574
  }
}