{
  "model": "DenseNN",
  "version": "v1",
  "train_date": "20260131_195231",
  "architecture": {
    "input_dim": 35,
    "hidden_dims": [
      64,
      32,
      16
    ],
    "dropout": 0.3
  },
  "training": {
    "epochs_total": 48,
    "final_train_loss": 0.9925374061830582,
    "final_val_loss": 0.9691601080052993,
    "best_val_acc": 0.5429650613786591
  },
  "metrics": {
    "test": {
      "accuracy": 0.5136921624173749,
      "brier_score": 0.20104756368973145,
      "log_loss": 1.0681453990133718
    }
  }
}