{
  "model": "Poisson",
  "version": "v1",
  "train_date": "20260128_190024",
  "home_advantage": 0.15,
  "league_avg_goals": 1.3657785862875857,
  "num_teams": 144,
  "train_matches": 4942,
  "val_matches": 1059,
  "test_matches": 1059,
  "metrics": {
    "test": {
      "accuracy": 0.4693106704438149,
      "brier_score": 0.21039590898835528,
      "log_loss": 1.0747008551023585
    }
  }
}